表5  多斑白条天牛有效扩增的62对SSR引物序列信息,,,,,
Table 5  Sequence information of 62 pairs of SSR primers effectively amplified by B. horsfieldi,,,,,
编号,引物序列（5’-3’）,,重复基序,退火温度,预计PCR产物大小
ID,Primers（5’-3’）,,Reapeat motifs,Ta（℃）,PSize（bp）
C4392958,F: TGTTTCTTGAGGTGCTTGACA  ,R: CCGTAAAGTTGAGAAACACGA,(AC)7,56,115
C4451701,F: CCCTCCTGTTCTTAGCTGAGTT  ,R: CATTAGTCGCCAATTCTCCTC,(AAAT)11,54,127
C4601670,F: TCCCATCCATTTCGACATTT  ,R: TTGGATTGTAATCTGTTGGGC,(ATA)7,56,116
C4609448,F: CCGAACGATTCACGGTACTT  ,R: CCGTTTAAAGGAGATGCCAG,(GA)6,56,104
C4649935,F: GAGTTTGGATTGCAAATATAAATGA  ,R: TGACAAGTGCAGTTAGCAGTTT,(TAA)5,56,140
C5034882,F: ATATAAGCGCCACGTCCAAC  ,R: AAGTGGCGACGCAATAAATC,(GA)7,56,187
C5078608,F: AATATCGCCGAAACAACTGG  ,R: GATCACTTACAGCGTGGCAG,(AT)7,58,139
C5104750,F: GTCTCCCAGATTTCGGCATA,R: GCGTCTGGCGGATTATTATT,(CA)6,56,165
C5129638,F: TTGCGGCCGTATTGTTCTAC  ,R: GTCCGTCGGAACAAGACTTT,(CA)9,56,174
C5407063,F: TCGGTGTTTCACTCAATCGT  ,R: TGGGGATTGAGTTACTCTGGA,(TTA)5,56,168
C5429227,F: AGGGTTGCTTGCTGGTACAT  ,R: TCATCTCATTCTCCCGCTCT,(GA)6,56,212
C5444695,F: GGGAGAGAGAGGGGAGAGAG  ,R: GGTGATTCAGTCATCGTGTCA,(GA)7,56,206
C5482592,F: AGATTCGAAGAAAGCCACGA  ,R: TTAGCCCGTCGATCTCTGTT,(ATT)5,56,257
C5524388,F: GCAATATAAGAATAGATCGAACGC  ,R: TATTGCGACATCCTCGTCAG,(TC)7,56,188
C5530940,F: TTTCAACCACTACGCTGGGT  ,R: TCTACCGGGAAATCGTTCTG,(CT)12,56,256
C5550652,F: TGTCTGCTTCATTACAGTTCCAA  ,R: GTTGTTCGTTCTTAAGGCGG,(TG)9,57,251
C5561800,F: GCAAACAGTTTACAATTATCGCC  ,R: GAACGGTCTACCGAAGGTCA,(CA)6,56,216
C5589566,F: TGGTGTTGATAATCGCCTCA  ,R: CACTCCCTCTAAATCTGCGG,(AG)7,56,130
C5657317,F: GGTTCGGGACAGAGATACGA  ,R: AACGAACCCATAACGGTCAC,(CG)6,60,230
C5679595,F: CGGTGTTTCCTGCTTCCTAA  ,R: CACTGGTCCTCTGGCTTTCT,(ATT)11,55,169
C5739367,F: ACAGACGGTGAGAATGAGCC  ,R: CATTTGCGGGAGAGAAATGT,(GT)6,56,242
C5752195,F: AACCTGCAAATCTCCTCGAA  ,R: GCGGAACGGCTCGTATATTA,(GA)6,56,204
C5765433,F: ATCCTTTACCATGAGCGACG  ,R: TATCCGGTTCAAAGGACCAA,(AT)8,56,138
C5807137,F: GACACCGACACCTCGATCTT  ,R: TGATCTGTAGGATGTGGCGA,(GA)7,56,276
C5942294,F: GTATGCACAGTTCCGCTTGA  ,R: CGGTACATTTGACTGCATTTTC,(AT)6,56,193
C5949974,F: GCCTTTCACGGTTCGAGTAA,R: TTTACGGGGACGATGACTTC,(AGA)5,57,220
C5950706,F: TCAGCCAGAAGTTGATCACG  ,R: GTATCGGAAACAGCCATCGT,(GT)6,57,201
C5971676,F: ATAGCGTAGAGTGCGGTCGT  ,R: CCCGTGGCCAGATAATTTAC,(AC)6,56,271
C5972860,F: TCTCCTTTCGAAGTCGTCGT  ,R: TCGTCCAGATTGGATTGTGA,(CCG)7,56,168
C5998400,F: CAACATACAGGCGAAGTTGC  ,R: GAGGAAATAGCCGAACCAGA,(TAT)5,56,230
C5999398,F: CGTCACGGAGTTTGACATTC  ,R: AAACGCCTACTACTGCTCGAT,(AT)6,56,247
C6007332,F: CGTACAATGTCCGTTGCTTC  ,R: GACTGGAACCGGGACAGTAA,(TA)7,56,256
C6014914,F: CGTACGTGACATGGAGGATG  ,R: CTTGCTCCATTTAAACCCGA,(AG)8,56,219
C6015426,F: TTGTGACAGCGATGAGGAAG  ,R: CTACCCGATACTGAGCGAGG,(AGA)5,56,246
C6024610,F: GTCGTGAATCCGTTCCTTGT  ,R: GGCATATTAGAATTCGCCGT,(TC)15,56,242
C6025804,F: TCTCGCTCACAGTCAACACC,R: TTGACAGCGTGAGAGTTTGG,(ACA)5,56,104
C6030084,F: ACGGTAGACCAAGTTCGACG  ,R: ATTCTCGTGACTGGGCTTTG,(AC)6,58,247
C6035525,F: CGGCCAGCTAACTGTAGAGG  ,R: ACCACCCGATAGAGTTGACG,(ATT)5,56,242
C6042347,F: TTCCGTTACCATTCCATGCT  ,R: AGGAAATTGAAATGGATCAGG,(AT)7,56,266
scaffold103423,F: GAGCTGATAAACCGGCATGT  ,R: ATGACAGGTGGTTGTCTCCC,(ACG)7,56,213
scaffold124761,F: ACCACAATCAGAGTCTCGGG  ,R: ACATTCGGTTCGGTGTCATC,(CT)8,54,149
scaffold126529,F: GTCGGTGTGTGCGTTGATA  ,R: ACACAGACACCCACAGACCA,(TG)6,56,259
scaffold128845,F: GACAAAGAGAACGTCGAGCC,R: GTGCCGGAGAACAAATCGT,(CGA)8,56,221
scaffold131727,F: GCACTCGGTACTTCTCCTCG  ,R: GGCCAAACACCTCTGAACAT,(TGG)6,60,130
scaffold135040,F: ACAATGGCGGATTCTTATGC  ,R: GCATCGACCCTCGTATCCTA,(TTG)6,56,270
scaffold136330,F: TATCTAACGGCTCCGTGCTC  ,R: TTATGCTGTCGTTCAACCCA,(CGA)6,56,266
scaffold136871,F: CTATTGCTCGGGATTAGCCA  ,R: GTCCCGAAGACGACATTGTT,(GAC)5,56,202
scaffold1716,F: GCGCGATTCCTCATAGTGAT  ,R: TCGGTAATAAGCCGAAGGTG,(TG)8,56,230
scaffold20917,F: TCCTGCCAGTCGAATATCTTG  ,R: CCCTGAACGGTTTCTGTTTC,(TA)6,56,276
scaffold2105,F: GGATGTCTCGCGACAAGTTT  ,R: CCAACCAACTTCCTTCCACT,(AC)6,56,206
scaffold37594,F: TTCCTCTTATCCGTTGTCGG  ,R: CCGGCGCAACAATTAGTATT,(TCG)5,56,180
scaffold41501,F: TGTTCCTCGTTTACTTGGGC  ,R: GGAGCAGCAGAGGCAAATAG,(TGC)5,56,237
scaffold4220,F: TGCGTATGGGTATGCGTATG  ,R: ATCGATGACGTCACCACTCA,(TA)11,57,250
scaffold46891,F: ATTTCCACTGCTTGACTGCC  ,R: TGCCAGGATCCGTGTAATTT,(GCC)5,56,246
scaffold53671,F: CGCCATTTCAGTTCCGATAC  ,R: AACTCATCATAAAACGCCCG,(AC)6,56,257
scaffold56238,F: TGTAACTGACGTCCTCGTCG  ,R: GTGCGAAACAGAAGGCTCTC,(CTG)5,56,207
scaffold63795,F: ACCCGTGTGTGTGTGGTGTA  ,R: TGTTACTGTGATTGCTGTTATTGC,(AAT)5,56,125
scaffold6766,F: TTCGAGTCCATTTCCAATCC  ,R: TGGAGTATCGTTAGTGCGCTT,(TTA)5,56,175
scaffold74248,F: CCGCAGGTAATGGAGACACT  ,R: TTCGATAACCGGATGAAAGG,(AGG)5,56,278
scaffold80367,F: GATAGGTTAGGGAAGAGCCGA  ,R: AGAATGAGCGTCTGGATGTG,(CT)9,56,144
scaffold82951,F: CTCGGGAGCCATCGTTATTA  ,R: TCACTTTCTGACAATCGGGTT,(TC)6,56,269
scaffold83910,F: ACATTAAGTTGCCGCAGTTG  ,R: GGTTCGATAAGCGAAACGTG,(AAT)17,54,267
 ,,,,,
